Neighborhood,Neighborhood Latitude,Neighborhood Longitude,Venue,Venue Latitude,Venue Longitude,Venue Category
大明湖街道办事处,36.669384,117.03302,Costa Coffee (咖世家),36.66537592401243,117.02460292353632,Coffee Shop
大明湖街道办事处,36.669384,117.03302,Shimao International Plaza (世茂国际广场),36.66476219165684,117.02381549372544,Shopping Mall
大明湖街道办事处,36.669384,117.03302,Carrefour (家乐福),36.66615178636725,117.03434496750303,Supermarket
大明湖街道办事处,36.669384,117.03302,家乐福（济南解放桥店）,36.669944232996656,117.0390060448481,Shopping Mall
千佛山街道办事处,36.642860999999996,117.040028,Thousand Buddha Mountain (千佛山),36.642124,117.032448,Mountain
千佛山街道办事处,36.642860999999996,117.040028,草包包子铺,36.64402348706645,117.03156896216308,Chinese Restaurant
千佛山街道办事处,36.642860999999996,117.040028,鱼翅皇宫,36.63462731929803,117.04159804171589,Asian Restaurant
千佛山街道办事处,36.642860999999996,117.040028,三义和酒楼,36.647126513016886,117.03041371929041,Chinese Restaurant
千佛山街道办事处,36.642860999999996,117.040028,小城故事(千佛山店),36.64192581176758,117.02906036376953,Asian Restaurant
千佛山街道办事处,36.642860999999996,117.040028,大佛头,36.63771441775951,117.04912097263072,Mountain
燕山街道办事处,36.659473999999996,117.06233600000002,春饼,36.660514,117.066521,Dongbei Restaurant
燕山街道办事处,36.659473999999996,117.06233600000002,道克图文,36.654287,117.063141,Paper / Office Supplies Store
燕山街道办事处,36.659473999999996,117.06233600000002,365台球俱乐部,36.6611631,117.0558116,Pool Hall
燕山街道办事处,36.659473999999996,117.06233600000002,Korean Resturant // 土大力,36.66455137291365,117.05949401201084,Korean Restaurant
燕山街道办事处,36.659473999999996,117.06233600000002,庄稼宴 | Zhuang Jia Yan Restaurant,36.657754,117.055632,Shandong Restaurant
燕山街道办事处,36.659473999999996,117.06233600000002,富侨足道,36.665868558009656,117.05879291424272,Massage Studio
燕山街道办事处,36.659473999999996,117.06233600000002,东城饺子搂,36.65348,117.068497,Chinese Restaurant
燕山街道办事处,36.659473999999996,117.06233600000002,Oscar Bar,36.65216511605556,117.0662347743046,Bar
燕山街道办事处,36.659473999999996,117.06233600000002,高第街56号文化东路店,36.654307440245795,117.05463799959215,Chinese Restaurant
燕山街道办事处,36.659473999999996,117.06233600000002,春江饭店（解放路店）,36.66507985342268,117.05409049987792,Shandong Restaurant
泉城路街道办事处,36.666319,117.020375,Starbucks (星巴克),36.66294883609048,117.01772731625356,Coffee Shop
泉城路街道办事处,36.666319,117.020375,Parc 66 (恒隆广场),36.66375382725165,117.01776310614395,Shopping Mall
泉城路街道办事处,36.666319,117.020375,Starbucks (星巴克),36.66502541569481,117.02051568727778,Coffee Shop
泉城路街道办事处,36.666319,117.020375,Ole Supermarket (parc66),36.66391276880525,117.01769987990204,Gourmet Shop
泉城路街道办事处,36.666319,117.020375,Apple Parc 66 Jinan (Apple 济南恒隆广场),36.664286212401244,117.01796650886536,Electronics Store
泉城路街道办事处,36.666319,117.020375,Crowne Plaza,36.66353443860142,117.01980831264027,Hotel
泉城路街道办事处,36.666319,117.020375,Sofitel Silver Plaza Hotel Jinan,36.659821822596385,117.02443679774356,Hotel
泉城路街道办事处,36.666319,117.020375,Costa Coffee (咖世家),36.66537592401243,117.02460292353632,Coffee Shop
泉城路街道办事处,36.666319,117.020375,Daming Lake Park (大明湖公园),36.673231,117.018274,Park
泉城路街道办事处,36.666319,117.020375,Malèna (玛莲娜),36.662238325152515,117.01766098170447,Restaurant
泉城路街道办事处,36.666319,117.020375,Quancheng Square (泉城广场),36.661242592901786,117.01680321478662,Plaza
泉城路街道办事处,36.666319,117.020375,Cinema Palace (百丽宫影城),36.6630425899915,117.01858373927278,Movie Theater
泉城路街道办事处,36.666319,117.020375,Shimao International Plaza (世茂国际广场),36.66476219165684,117.02381549372544,Shopping Mall
泉城路街道办事处,36.666319,117.020375,Walmart (沃尔玛购物广场),36.66425367052427,117.01188325881958,Shopping Mall
泉城路街道办事处,36.666319,117.020375,Häagen-Dazs (哈根达斯),36.66390751202179,117.01766539285296,Ice Cream Shop
泉城路街道办事处,36.666319,117.020375,曲水亭街,36.67114328755546,117.01878047123832,Food Truck
泉城路街道办事处,36.666319,117.020375,玉泉森信大酒店,36.65967296697662,117.02214866175206,Hotel
泉城路街道办事处,36.666319,117.020375,Daming Lake (大明湖),36.67339799480671,117.02266020814474,Lake
泉城路街道办事处,36.666319,117.020375,INZONE (银座),36.65919310676313,117.02398538589478,Department Store
趵突泉街道办事处,36.659492,117.01788400000001,Starbucks (星巴克),36.66294883609048,117.01772731625356,Coffee Shop
趵突泉街道办事处,36.659492,117.01788400000001,Parc 66 (恒隆广场),36.66375382725165,117.01776310614395,Shopping Mall
趵突泉街道办事处,36.659492,117.01788400000001,Sofitel Silver Plaza Hotel Jinan,36.659821822596385,117.02443679774356,Hotel
趵突泉街道办事处,36.659492,117.01788400000001,Ole Supermarket (parc66),36.66391276880525,117.01769987990204,Gourmet Shop
趵突泉街道办事处,36.659492,117.01788400000001,Baotu Spring Park (趵突泉公园),36.6610408677459,117.01118747511333,Park
趵突泉街道办事处,36.659492,117.01788400000001,Quancheng Square (泉城广场),36.661242592901786,117.01680321478662,Plaza
趵突泉街道办事处,36.659492,117.01788400000001,Apple Parc 66 Jinan (Apple 济南恒隆广场),36.664286212401244,117.01796650886536,Electronics Store
趵突泉街道办事处,36.659492,117.01788400000001,Crowne Plaza,36.66353443860142,117.01980831264027,Hotel
趵突泉街道办事处,36.659492,117.01788400000001,Starbucks (星巴克),36.66502541569481,117.02051568727778,Coffee Shop
趵突泉街道办事处,36.659492,117.01788400000001,Malèna (玛莲娜),36.662238325152515,117.01766098170447,Restaurant
趵突泉街道办事处,36.659492,117.01788400000001,Costa Coffee (咖世家),36.66537592401243,117.02460292353632,Coffee Shop
趵突泉街道办事处,36.659492,117.01788400000001,Cinema Palace (百丽宫影城),36.6630425899915,117.01858373927278,Movie Theater
趵突泉街道办事处,36.659492,117.01788400000001,Shimao International Plaza (世茂国际广场),36.66476219165684,117.02381549372544,Shopping Mall
趵突泉街道办事处,36.659492,117.01788400000001,Walmart (沃尔玛购物广场),36.66425367052427,117.01188325881958,Shopping Mall
趵突泉街道办事处,36.659492,117.01788400000001,玉泉森信大酒店,36.65967296697662,117.02214866175206,Hotel
趵突泉街道办事处,36.659492,117.01788400000001,Häagen-Dazs (哈根达斯),36.66390751202179,117.01766539285296,Ice Cream Shop
趵突泉街道办事处,36.659492,117.01788400000001,INZONE (银座),36.65919310676313,117.02398538589478,Department Store
趵突泉街道办事处,36.659492,117.01788400000001,CCPARK创意广场,36.65392382908796,117.02266020814474,Shopping Mall
东关街道办事处,36.678877,117.032904,鹊华居,36.673690302639955,117.02829863126335,Seafood Restaurant
东关街道办事处,36.678877,117.032904,Ji'nandong Railway Station (济南东站),36.681480719784446,117.02333897352219,Train Station
东关街道办事处,36.678877,117.032904,Piaget,36.67066,117.03241,Jewelry Store
东关街道办事处,36.678877,117.032904,姜仔鸭,36.68750612598961,117.03421852499521,Hotel
解放路街道办事处,36.666451,117.03526399999998,Costa Coffee (咖世家),36.66537592401243,117.02460292353632,Coffee Shop
解放路街道办事处,36.666451,117.03526399999998,Carrefour (家乐福),36.66615178636725,117.03434496750303,Supermarket
解放路街道办事处,36.666451,117.03526399999998,Mineral 美得乐 酒店,36.67040630152931,117.0381554490787,Hotel
解放路街道办事处,36.666451,117.03526399999998,家乐福（济南解放桥店）,36.669944232996656,117.0390060448481,Shopping Mall
建筑新村街道办事处,36.670825,117.04933500000001,Lydia (莉迪亚意式餐厅),36.679345698449595,117.04990830727017,Italian Restaurant
建筑新村街道办事处,36.670825,117.04933500000001,华强电子世界,36.666496873038746,117.04986233160638,Electronics Store
建筑新村街道办事处,36.670825,117.04933500000001,KFC (肯德基),36.675263431083586,117.05092551624206,Fast Food Restaurant
建筑新村街道办事处,36.670825,117.04933500000001,山东大学 学人大厦,36.67457815107156,117.05706314655264,Hotel
建筑新村街道办事处,36.670825,117.04933500000001,家乐福（济南解放桥店）,36.669944232996656,117.0390060448481,Shopping Mall
建筑新村街道办事处,36.670825,117.04933500000001,Lydias,36.67950921674132,117.04977038024848,Italian Restaurant
文化东路街道办事处,36.660596000000005,117.04931699999999,McDonald's (麦当劳) (麦当劳),36.66649342385994,117.04958073044493,Fast Food Restaurant
文化东路街道办事处,36.660596000000005,117.04931699999999,INZONE Mall (银座商城),36.661170623664425,117.04979911505215,Shopping Mall
文化东路街道办事处,36.660596000000005,117.04931699999999,宏伟推拿保健中心诚基中心店 Hongwei Massage Studio Chengji Branch,36.65670394897461,117.05014038085938,Massage Studio
文化东路街道办事处,36.660596000000005,117.04931699999999,华强电子世界,36.666496873038746,117.04986233160638,Electronics Store
文化东路街道办事处,36.660596000000005,117.04931699999999,适度,36.65457387002845,117.05377597374029,Chinese Restaurant
文化东路街道办事处,36.660596000000005,117.04931699999999,Blackberry store,36.66617892840148,117.04367276551164,Mobile Phone Shop
文化东路街道办事处,36.660596000000005,117.04931699999999,高第街56号文化东路店,36.654307440245795,117.05463799959215,Chinese Restaurant
甸柳新村街道办事处,36.659475,117.06727099999999,Starbucks (星巴克),36.6543,117.072,Coffee Shop
姚家街道办事处,36.678142,117.104072,农家土菜馆,36.67314701128263,117.10887522878463,Chinese Restaurant
龙洞街道办事处,36.640443,117.101125,龍洞隧道,36.64525615831013,117.10135445985729,Tunnel
龙洞街道办事处,36.640443,117.101125,轉山隧道,36.64525615831013,117.10135445985729,Tunnel
舜华路街道办事处,36.672238,117.1158,Starbucks (星巴克),36.67209156249054,117.12478916921319,Coffee Shop
舜华路街道办事处,36.672238,117.1158,Starbucks (星巴克),36.68107356853493,117.11714258785418,Coffee Shop
舜华路街道办事处,36.672238,117.1158,农家土菜馆,36.67314701128263,117.10887522878463,Chinese Restaurant
舜华路街道办事处,36.672238,117.1158,Joyinn &Suites Hotel JiNan,36.67810104617353,117.1182284081899,Hotel
舜华路街道办事处,36.672238,117.1158,老板恋上鱼 Restaurant,36.67143867819069,117.12386424094264,Asian Restaurant
舜华路街道办事处,36.672238,117.1158,McDonald's (麦当劳),36.67144394446655,117.12444447593307,Fast Food Restaurant
舜华路街道办事处,36.672238,117.1158,丁豪广场,36.68050705668999,117.11688980346392,Shopping Mall
舜华路街道办事处,36.672238,117.1158,横店电影城 | HENGDIAN CINEMAS,36.680982408594296,117.1170679015893,Movie Theater
泺源街道办事处,36.663225,117.01378100000001,Starbucks (星巴克),36.66294883609048,117.01772731625356,Coffee Shop
泺源街道办事处,36.663225,117.01378100000001,Parc 66 (恒隆广场),36.66375382725165,117.01776310614395,Shopping Mall
泺源街道办事处,36.663225,117.01378100000001,Ole Supermarket (parc66),36.66391276880525,117.01769987990204,Gourmet Shop
泺源街道办事处,36.663225,117.01378100000001,Baotu Spring Park (趵突泉公园),36.6610408677459,117.01118747511333,Park
泺源街道办事处,36.663225,117.01378100000001,Apple Parc 66 Jinan (Apple 济南恒隆广场),36.664286212401244,117.01796650886536,Electronics Store
泺源街道办事处,36.663225,117.01378100000001,Starbucks (星巴克),36.66502541569481,117.02051568727778,Coffee Shop
泺源街道办事处,36.663225,117.01378100000001,Crowne Plaza,36.66353443860142,117.01980831264027,Hotel
泺源街道办事处,36.663225,117.01378100000001,Quancheng Square (泉城广场),36.661242592901786,117.01680321478662,Plaza
泺源街道办事处,36.663225,117.01378100000001,Malèna (玛莲娜),36.662238325152515,117.01766098170447,Restaurant
泺源街道办事处,36.663225,117.01378100000001,Costa Coffee (咖世家),36.66537592401243,117.02460292353632,Coffee Shop
泺源街道办事处,36.663225,117.01378100000001,Cinema Palace (百丽宫影城),36.6630425899915,117.01858373927278,Movie Theater
泺源街道办事处,36.663225,117.01378100000001,Walmart (沃尔玛购物广场),36.66425367052427,117.01188325881958,Shopping Mall
泺源街道办事处,36.663225,117.01378100000001,Shimao International Plaza (世茂国际广场),36.66476219165684,117.02381549372544,Shopping Mall
泺源街道办事处,36.663225,117.01378100000001,Häagen-Dazs (哈根达斯),36.66390751202179,117.01766539285296,Ice Cream Shop
泺源街道办事处,36.663225,117.01378100000001,玉泉森信大酒店,36.65967296697662,117.02214866175206,Hotel
泺源街道办事处,36.663225,117.01378100000001,Grand Metro Park Qihui Hotel,36.66772639336209,117.02252226317283,Hotel
泺源街道办事处,36.663225,117.01378100000001,曲水亭街,36.67114328755546,117.01878047123832,Food Truck
杆石桥街道办事处,36.65149,116.989333,济南经十路净雅酒店,36.64848199413344,116.98752729982327,Chinese Restaurant
杆石桥街道办事处,36.65149,116.989333,天禧舜和商务酒店,36.64879553061682,116.98428869247437,Hotel
杆石桥街道办事处,36.65149,116.989333,舜和德餐厅,36.648067,116.98438,German Restaurant
杆石桥街道办事处,36.65149,116.989333,INZONE Mall (银座商城),36.64592650468661,116.99101096164185,Shopping Mall
杆石桥街道办事处,36.65149,116.989333,面包新语 | BreadTalk,36.64545684253884,116.99110868729983,Bakery
杆石桥街道办事处,36.65149,116.989333,小城故事,36.645152,116.990484,Chinese Restaurant
杆石桥街道办事处,36.65149,116.989333,三喜龙虾,36.650873,116.980789,Asian Restaurant
杆石桥街道办事处,36.65149,116.989333,金芙蓉羽毛球馆,36.644133,116.992474,Basketball Court
杆石桥街道办事处,36.65149,116.989333,雅悦酒店,36.648329,116.99886,Hotel
杆石桥街道办事处,36.65149,116.989333,东方豪客 | Eastday Houkal,36.6488890619,116.979484948,Steakhouse
魏家庄街道办事处,36.667662,117.00213000000001,Wanda Plaza (万达广场),36.66211187839508,116.99677099999997,Shopping Mall
魏家庄街道办事处,36.667662,117.00213000000001,Walmart (沃尔玛购物广场),36.66425367052427,117.01188325881958,Shopping Mall
魏家庄街道办事处,36.667662,117.00213000000001,Starbucks (星巴克),36.662116700082144,116.99606114444342,Coffee Shop
魏家庄街道办事处,36.667662,117.00213000000001,Five-Dragon Pool (五龙潭),36.664940924972015,117.00882502599828,Park
魏家庄街道办事处,36.667662,117.00213000000001,万达国际影城,36.662469576909665,116.99585695005595,Movie Theater
魏家庄街道办事处,36.667662,117.00213000000001,大明湖西南门,36.672247865053066,117.01056668813438,Park
魏家庄街道办事处,36.667662,117.00213000000001,济南万达凯悦酒店,36.6618799217916,116.99394558594088,Hotel
大观园街道办事处,36.659091,116.99501299999999,Wanda Plaza (万达广场),36.66211187839508,116.99677099999997,Shopping Mall
大观园街道办事处,36.659091,116.99501299999999,Starbucks (星巴克),36.662116700082144,116.99606114444342,Coffee Shop
大观园街道办事处,36.659091,116.99501299999999,禾绿回转寿司万达店,36.66180351837039,116.99436809950336,Sushi Restaurant
大观园街道办事处,36.659091,116.99501299999999,万达凯悦芳泉水疗游泳馆 Swimming Pool of Fang Quan Spa Fitness Center at Hyatt Regency Jinan,36.66185786051434,116.99380474790594,Gym Pool
大观园街道办事处,36.659091,116.99501299999999,万达国际影城,36.662469576909665,116.99585695005595,Movie Theater
大观园街道办事处,36.659091,116.99501299999999,ZARA,36.6623773744486,116.99629383084955,Clothing Store
大观园街道办事处,36.659091,116.99501299999999,McDonald's (麦当劳),36.661068,116.991486,Fast Food Restaurant
大观园街道办事处,36.659091,116.99501299999999,Dairy Queen | DQ (DQ冰雪皇后),36.66216414110927,116.99817930599919,Fast Food Restaurant
大观园街道办事处,36.659091,116.99501299999999,汉拿山 （万达广场）,36.661930212045284,116.99947843455422,Korean Restaurant
大观园街道办事处,36.659091,116.99501299999999,85度C,36.657426,117.001063,Bakery
四里村街道办事处,36.643182,116.99788999999998,Starbucks (星巴克),36.64595763041376,117.00810076621283,Coffee Shop
四里村街道办事处,36.643182,116.99788999999998,INZONE Mall (银座商城),36.64592650468661,116.99101096164185,Shopping Mall
四里村街道办事处,36.643182,116.99788999999998,山东省体育中心体育场,36.6478816990527,117.00482432176281,Stadium
四里村街道办事处,36.643182,116.99788999999998,新世纪影城玉函店,36.64520301652513,117.00810076621283,Movie Theater
六里山街道办事处,36.620098999999996,117.001826,城南往事,36.616947195958346,117.00216289164433,Chinese Restaurant
六里山街道办事处,36.620098999999996,117.001826,双冠王北京饭庄,36.61563491821289,116.99977111816406,Chinese Restaurant
六里山街道办事处,36.620098999999996,117.001826,Victoria Falls Safari Lodge,36.615009,116.999864,Hotel
六里山街道办事处,36.620098999999996,117.001826,鲁西南老牌坊,36.61953815317208,117.00900896459447,Chinese Restaurant
六里山街道办事处,36.620098999999996,117.001826,INZONE OUTLETS (银座奥特莱斯),36.61518881590746,116.99724806733087,Shopping Mall
六里山街道办事处,36.620098999999996,117.001826,水帘洞中荡起双桨,36.62253767335262,117.00952054296978,Art Gallery
六里山街道办事处,36.620098999999996,117.001826,雅特饭店,36.62644,117.006113,Chinese Restaurant
六里山街道办事处,36.620098999999996,117.001826,武家牛肉大院,36.6263,117.007494,Asian Restaurant
六里山街道办事处,36.620098999999996,117.001826,珍祥烧烤（舜耕路店）,36.614913031594334,117.01023330177854,BBQ Joint
六里山街道办事处,36.620098999999996,117.001826,禾绿回转寿司省体店,36.626491227127104,116.99482222877782,Japanese Restaurant
七里山街道办事处,36.62945,116.996453,如家快捷酒店（英雄山路店）,36.629116,116.999168,Hotel
七里山街道办事处,36.62945,116.996453,禾绿回转寿司省体店,36.626491227127104,116.99482222877782,Japanese Restaurant
七里山街道办事处,36.62945,116.996453,H&M,36.62595150438738,116.99156857214189,Clothing Store
七里山街道办事处,36.62945,116.996453,澳门豆捞,36.635453,117.002642,Chinese Restaurant
七里山街道办事处,36.62945,116.996453,大润发（山水店）,36.632044989411014,116.98696967865348,Supermarket
七里山街道办事处,36.62945,116.996453,凝尚咖啡 / Ninson,36.62386110600529,117.00410004821434,Coffee Shop
二七新村街道办事处,36.634138,116.993443,东方罗马洗浴,36.636356188476796,116.98919177055359,Water Park
二七新村街道办事处,36.634138,116.993443,大润发（山水店）,36.632044989411014,116.98696967865348,Supermarket
二七新村街道办事处,36.634138,116.993443,如家快捷酒店（英雄山路店）,36.629116,116.999168,Hotel
二七新村街道办事处,36.634138,116.993443,郭记烩面,36.636634826660156,116.98497009277344,Noodle House
二七新村街道办事处,36.634138,116.993443,澳门豆捞,36.635453,117.002642,Chinese Restaurant
二七新村街道办事处,36.634138,116.993443,禾绿回转寿司省体店,36.626491227127104,116.99482222877782,Japanese Restaurant
二七新村街道办事处,36.634138,116.993443,H&M,36.62595150438738,116.99156857214189,Clothing Store
二七新村街道办事处,36.634138,116.993443,休闲会所,36.637035,116.983523,Massage Studio
舜玉路街道办事处,36.626401,117.01702900000001,天外山庄,36.62790824762115,117.02091864622267,Chinese Restaurant
舜玉路街道办事处,36.626401,117.01702900000001,山财小吃街,36.62473235395553,117.01246927946717,Asian Restaurant
舜玉路街道办事处,36.626401,117.01702900000001,山财超市,36.6214852529108,117.01479720012942,Convenience Store
舜玉路街道办事处,36.626401,117.01702900000001,山财三餐,36.621722,117.021059,Middle Eastern Restaurant
舜玉路街道办事处,36.626401,117.01702900000001,水帘洞中荡起双桨,36.62253767335262,117.00952054296978,Art Gallery
舜玉路街道办事处,36.626401,117.01702900000001,Nanfeng Building,36.633134,117.020603,Chinese Aristocrat Restaurant
舜玉路街道办事处,36.626401,117.01702900000001,武家牛肉大院,36.6263,117.007494,Asian Restaurant
舜玉路街道办事处,36.626401,117.01702900000001,Japanes Restarunt,36.634072,117.018554,Japanese Restaurant
舜玉路街道办事处,36.626401,117.01702900000001,舜耕山庄 Shun Geng Hillview Hotel,36.634095,117.021584,Hotel
舜玉路街道办事处,36.626401,117.01702900000001,雅特饭店,36.62644,117.006113,Chinese Restaurant
舜耕街道办事处,36.651474,116.997777,KFC (肯德基),36.64504651391728,117.00479558079647,Fast Food Restaurant
舜耕街道办事处,36.651474,116.997777,新疆居,36.64537489414215,116.99756562709808,Chinese Restaurant
舜耕街道办事处,36.651474,116.997777,85度C,36.657426,117.001063,Bakery
舜耕街道办事处,36.651474,116.997777,山东省体育中心体育场,36.6478816990527,117.00482432176281,Stadium
舜耕街道办事处,36.651474,116.997777,INZONE Mall (银座商城),36.64592650468661,116.99101096164185,Shopping Mall
舜耕街道办事处,36.651474,116.997777,Pizza Hut (必胜客),36.64517244254526,117.00503700479204,Pizza Place
王官庄街道办事处,36.629581,116.96113700000001,刘长山公园,36.63366,116.970194,Park
七贤街道办事处,36.611668,116.95869099999999,大润发,36.612631138849935,116.95889701536616,Convenience Store
七贤街道办事处,36.611668,116.95869099999999,McDonald's (麦当劳) (麦当劳),36.612693786621094,116.96098327636719,Fast Food Restaurant
七贤街道办事处,36.611668,116.95869099999999,MANGO (Harmony Shopping Mall),36.612693786621094,116.96098327636719,Clothing Store
七贤街道办事处,36.611668,116.95869099999999,中影星美国际影城,36.619346,116.959209,Movie Theater
十六里河街道办事处,36.603260999999996,117.007076,渔夫码头,36.599536,117.01156,Seafood Restaurant
十六里河街道办事处,36.603260999999996,117.007076,山东鲁能泰山足球俱乐部,36.59657986498533,117.00894355773926,Track
十六里河街道办事处,36.603260999999996,117.007076,蓝海酒店,36.609511,117.000059,Seafood Restaurant
十六里河街道办事处,36.603260999999996,117.007076,老驴头,36.598728187250984,116.99820229949451,Chinese Restaurant
西市场街道办事处,36.660044,116.97714599999999,Dairy Queen | DQ (DQ冰雪皇后),36.66087569506838,116.9758290052414,Ice Cream Shop
西市场街道办事处,36.660044,116.97714599999999,McDonald's (麦当劳),36.658877005815974,116.97129244879643,Fast Food Restaurant
西市场街道办事处,36.660044,116.97714599999999,Ajisen Ramen (味千拉麵),36.66075999019135,116.97057955853128,Ramen Restaurant
西市场街道办事处,36.660044,116.97714599999999,融汇济南老商埠,36.6622200012207,116.98755645751953,Outlet Mall
五里沟街道办事处,36.658547,116.98018300000001,Dairy Queen | DQ (DQ冰雪皇后),36.66087569506838,116.9758290052414,Ice Cream Shop
五里沟街道办事处,36.658547,116.98018300000001,融汇济南老商埠,36.6622200012207,116.98755645751953,Outlet Mall
五里沟街道办事处,36.658547,116.98018300000001,McDonald's (麦当劳),36.658877005815974,116.97129244879643,Fast Food Restaurant
五里沟街道办事处,36.658547,116.98018300000001,ibis hotel - Jinan CHINA,36.656439,116.97165,Xinjiang Restaurant
五里沟街道办事处,36.658547,116.98018300000001,三喜龙虾,36.650873,116.980789,Asian Restaurant
五里沟街道办事处,36.658547,116.98018300000001,Southside Story (城南往事),36.66115625000559,116.99064880145606,Chinese Restaurant
道德街街道办事处,36.651788,116.96711699999999,Harmony Plaza (和谐广场),36.64925991263962,116.97228129261303,Shopping Mall
道德街街道办事处,36.651788,116.96711699999999,济南银座佳悦酒店,36.64967178660712,116.96677360380667,Hotel Bar
道德街街道办事处,36.651788,116.96711699999999,Starbucks (星巴克),36.64886865163204,116.9718418070335,Coffee Shop
道德街街道办事处,36.651788,116.96711699999999,鲁信影城,36.64946500290906,116.97255149913217,Movie Theater
营市街街道办事处,36.652625,116.96288700000001,济南银座佳悦酒店,36.64967178660712,116.96677360380667,Hotel Bar
营市街街道办事处,36.652625,116.96288700000001,Harmony Plaza (和谐广场),36.64925991263962,116.97228129261303,Shopping Mall
营市街街道办事处,36.652625,116.96288700000001,Starbucks (星巴克),36.64886865163204,116.9718418070335,Coffee Shop
营市街街道办事处,36.652625,116.96288700000001,鲁信影城,36.64946500290906,116.97255149913217,Movie Theater
青年公园街道办事处,36.652444,116.98431399999998,McDonald's (麦当劳) (麦当劳),36.657795614769654,116.97949051439393,Fast Food Restaurant
青年公园街道办事处,36.652444,116.98431399999998,三喜龙虾,36.650873,116.980789,Asian Restaurant
青年公园街道办事处,36.652444,116.98431399999998,天禧舜和商务酒店,36.64879553061682,116.98428869247437,Hotel
青年公园街道办事处,36.652444,116.98431399999998,济南经十路净雅酒店,36.64848199413344,116.98752729982327,Chinese Restaurant
青年公园街道办事处,36.652444,116.98431399999998,华联超市,36.65544421073266,116.97691499923127,Shop & Service
青年公园街道办事处,36.652444,116.98431399999998,陌尚花开,36.653646,116.975395,Bakery
青年公园街道办事处,36.652444,116.98431399999998,INZONE Mall (银座商城),36.64592650468661,116.99101096164185,Shopping Mall
青年公园街道办事处,36.652444,116.98431399999998,中山公园,36.66076657508286,116.98228445297997,Park
青年公园街道办事处,36.652444,116.98431399999998,小城故事,36.645152,116.990484,Chinese Restaurant
青年公园街道办事处,36.652444,116.98431399999998,面包新语 | BreadTalk,36.64545684253884,116.99110868729983,Bakery
中大槐树街道办事处,36.657484000000004,116.96708999999998,McDonald's (麦当劳),36.658877005815974,116.97129244879643,Fast Food Restaurant
中大槐树街道办事处,36.657484000000004,116.96708999999998,Ajisen Ramen (味千拉麵),36.66075999019135,116.97057955853128,Ramen Restaurant
中大槐树街道办事处,36.657484000000004,116.96708999999998,长燊麻辣烫,36.6573259,116.9739446,Food
中大槐树街道办事处,36.657484000000004,116.96708999999998,Dairy Queen | DQ (DQ冰雪皇后),36.66087569506838,116.9758290052414,Ice Cream Shop
中大槐树街道办事处,36.657484000000004,116.96708999999998,Pizza Hut (必胜客),36.649504514422055,116.96949297117555,Pizza Place
振兴街街道办事处,36.653033,116.979221,Harmony Plaza (和谐广场),36.64925991263962,116.97228129261303,Shopping Mall
振兴街街道办事处,36.653033,116.979221,天禧舜和商务酒店,36.64879553061682,116.98428869247437,Hotel
振兴街街道办事处,36.653033,116.979221,鲁信影城,36.64946500290906,116.97255149913217,Movie Theater
振兴街街道办事处,36.653033,116.979221,Starbucks (星巴克),36.64886865163204,116.9718418070335,Coffee Shop
南辛庄街道办事处,36.645955,116.965006,Harmony Plaza (和谐广场),36.64925991263962,116.97228129261303,Shopping Mall
南辛庄街道办事处,36.645955,116.965006,济南银座佳悦酒店,36.64967178660712,116.96677360380667,Hotel Bar
南辛庄街道办事处,36.645955,116.965006,Starbucks (星巴克),36.64886865163204,116.9718418070335,Coffee Shop
南辛庄街道办事处,36.645955,116.965006,鲁信影城,36.64946500290906,116.97255149913217,Movie Theater
段店北路街道办事处,36.654666999999996,116.94493100000001,舜和国际酒店 Shunhe International Hotel,36.650628273037704,116.93681801484966,Hotel
段店北路街道办事处,36.654666999999996,116.94493100000001,舜和海鲜酒楼,36.650127,116.936479,Seafood Restaurant
匡山街道办事处,36.663472999999996,116.948167,济南茶叶批发市场,36.66611862182617,116.94857788085938,Market
匡山街道办事处,36.663472999999996,116.948167,山东省会大剧院,36.66492149409309,116.94516690617341,Performing Arts Venue
匡山街道办事处,36.663472999999996,116.948167,orient hotel,36.66495083313655,116.94515540654812,Bed & Breakfast
匡山街道办事处,36.663472999999996,116.948167,McDonald's (麦当劳),36.66423902456115,116.95533808139893,Fast Food Restaurant
匡山街道办事处,36.663472999999996,116.948167,济南副食调味品市场,36.6705689,116.9535355,Shop & Service
张庄路街道办事处,36.656156,116.932344,IKEA (宜家家居),36.6640441708659,116.92739349484991,Furniture / Home Store
张庄路街道办事处,36.656156,116.932344,舜和国际酒店 Shunhe International Hotel,36.650628273037704,116.93681801484966,Hotel
张庄路街道办事处,36.656156,116.932344,舜和海鲜酒楼,36.650127,116.936479,Seafood Restaurant
张庄路街道办事处,36.656156,116.932344,济南森林公园,36.663665,116.936627,Park
美里湖街道办事处,36.704892,116.93161299999998,"NtaiFitness Equipment Co.,Ltd.",36.70957734575541,116.93877696990967,Health & Beauty Service
兴福街道办事处,36.672015,116.88915,Jinan West Railway Station (济南西站),36.668803,116.890353,Train Station
兴福街道办事处,36.672015,116.88915,McDonald's (麦当劳),36.66870679861435,116.88617718946985,Fast Food Restaurant
兴福街道办事处,36.672015,116.88915,KFC (肯德基),36.668907,116.8851,Fast Food Restaurant
兴福街道办事处,36.672015,116.88915,Platform 6/7,36.668834,116.887815,Platform
兴福街道办事处,36.672015,116.88915,济南西站公交枢纽站,36.667327101436314,116.88925416476775,Bus Station
玉清湖街道办事处,36.644929,116.84926100000001,蓝石大湿地,36.644209579515895,116.84700087066761,Nature Preserve
玉清湖街道办事处,36.644929,116.84926100000001,济西湿地公园,36.64604628172179,116.85878154666804,Fishing Spot
腊山街道办事处,36.637135,116.850121,蓝石大湿地,36.644209579515895,116.84700087066761,Nature Preserve
吴家堡街道办事处,36.696892,116.91084199999999,"CO., LtdJinan MORN",36.6966526475159,116.91779170185328,Business Service
无影山街道办事处,36.684028000000005,116.97763799999998,Tian Fa Hotel,36.678369436380066,116.98305479169585,Hotel
无影山街道办事处,36.684028000000005,116.97763799999998,天发舜和酒店,36.67806209846835,116.9827673522047,Hotel
无影山街道办事处,36.684028000000005,116.97763799999998,RT-MART (大润发),36.684891119971255,116.98722836906987,Market
无影山街道办事处,36.684028000000005,116.97763799999998,济南长途汽车总站,36.6848788519789,116.987946951898,Bus Station
堤口路街道办事处,36.683069,116.967533,舜隆大酒店,36.682548,116.96974,Chinese Restaurant
堤口路街道办事处,36.683069,116.967533,京华大酒店,36.6806833165013,116.97033234602449,Chinese Restaurant
宝华街街道办事处,36.674931,116.982578,KFC (肯德基),36.66974247326321,116.9865557733284,Fast Food Restaurant
宝华街街道办事处,36.674931,116.982578,天发舜和酒店,36.67806209846835,116.9827673522047,Hotel
宝华街街道办事处,36.674931,116.982578,Tian Fa Hotel,36.678369436380066,116.98305479169585,Hotel
宝华街街道办事处,36.674931,116.982578,Jinan Railway Station (济南站),36.67042440973686,116.98580844221587,Train Station
工人新村南村街道办事处,36.691089,116.993922,KFC (肯德基),36.684974412704406,116.99336528778076,Fast Food Restaurant
工人新村南村街道办事处,36.691089,116.993922,McDonald's (麦当劳),36.69609531479175,116.98915991416654,Fast Food Restaurant
工人新村南村街道办事处,36.691089,116.993922,济南长途汽车总站,36.6848788519789,116.987946951898,Bus Station
工人新村南村街道办事处,36.691089,116.993922,锦江之星济南北园大街酒店 Jinjiang Inn Jinan Beiyuan Street,36.684746,117.00134,Hotel
工人新村南村街道办事处,36.691089,116.993922,McDonald's (麦当劳) (麦当劳),36.68370743569207,116.98781473284113,Fast Food Restaurant
工人新村北村街道办事处,36.696473,116.99184299999999,McDonald's (麦当劳) (麦当劳),36.69561365039608,116.98089898598919,Fast Food Restaurant
工人新村北村街道办事处,36.696473,116.99184299999999,McDonald's (麦当劳),36.69609531479175,116.98915991416654,Fast Food Restaurant
工人新村北村街道办事处,36.696473,116.99184299999999,如家酒店济南天桥火车站店,36.692640016997,117.00015658522,Hotel
工人新村北村街道办事处,36.696473,116.99184299999999,济南BER鉑尔国际酒店,36.704256,116.987611,Hotel
官扎营街道办事处,36.680044,116.994748,KFC (肯德基),36.684974412704406,116.99336528778076,Fast Food Restaurant
官扎营街道办事处,36.680044,116.994748,Yongxiang Business Hotel Jinan,36.677641,116.996937,Hotel
官扎营街道办事处,36.680044,116.994748,莫泰168,36.684256266877334,116.999524421259,Hotel
官扎营街道办事处,36.680044,116.994748,McDonald's (麦当劳) (麦当劳),36.68370743569207,116.98781473284113,Fast Food Restaurant
官扎营街道办事处,36.680044,116.994748,凤凰山旧货市场,36.686351008484046,116.99804306030273,Market
官扎营街道办事处,36.680044,116.994748,石榴人家,36.67391,116.998606,Chinese Restaurant
官扎营街道办事处,36.680044,116.994748,山东灯具批发市场二期,36.686137,116.999014,Furniture / Home Store
官扎营街道办事处,36.680044,116.994748,济南长途汽车总站,36.6848788519789,116.987946951898,Bus Station
官扎营街道办事处,36.680044,116.994748,RT-MART (大润发),36.684891119971255,116.98722836906987,Market
北坦街道办事处,36.675977,117.00907600000001,Daming Lake Park (大明湖公园),36.673231,117.018274,Park
北坦街道办事处,36.675977,117.00907600000001,大明湖西南门,36.672247865053066,117.01056668813438,Park
北坦街道办事处,36.675977,117.00907600000001,趵突泉,36.670855685373546,117.01052070384084,Nature Preserve
北坦街道办事处,36.675977,117.00907600000001,尧舜酒家,36.66851034167081,117.01048621561411,Chinese Restaurant
北坦街道办事处,36.675977,117.00907600000001,明湖楼 四季明湖,36.6775231604621,117.01928615570068,Chinese Restaurant
天桥东街街道办事处,36.6731,116.996672,KFC (肯德基),36.66974247326321,116.9865557733284,Fast Food Restaurant
天桥东街街道办事处,36.6731,116.996672,黑虎泉,36.66850157632301,116.99079826446516,Lake
天桥东街街道办事处,36.6731,116.996672,神龟馅饼 大明湖西南门店,36.67190761615571,117.0072098082962,Chinese Restaurant
天桥东街街道办事处,36.6731,116.996672,LiTian Hotel (丽天大酒店),36.66690430923977,116.9889450073242,Hotel
制锦市街道办事处,36.668620000000004,117.01278300000001,Starbucks (星巴克),36.66294883609048,117.01772731625356,Coffee Shop
制锦市街道办事处,36.668620000000004,117.01278300000001,Parc 66 (恒隆广场),36.66375382725165,117.01776310614395,Shopping Mall
制锦市街道办事处,36.668620000000004,117.01278300000001,Daming Lake Park (大明湖公园),36.673231,117.018274,Park
制锦市街道办事处,36.668620000000004,117.01278300000001,Ole Supermarket (parc66),36.66391276880525,117.01769987990204,Gourmet Shop
制锦市街道办事处,36.668620000000004,117.01278300000001,Apple Parc 66 Jinan (Apple 济南恒隆广场),36.664286212401244,117.01796650886536,Electronics Store
制锦市街道办事处,36.668620000000004,117.01278300000001,Baotu Spring Park (趵突泉公园),36.6610408677459,117.01118747511333,Park
制锦市街道办事处,36.668620000000004,117.01278300000001,Starbucks (星巴克),36.66502541569481,117.02051568727778,Coffee Shop
制锦市街道办事处,36.668620000000004,117.01278300000001,Crowne Plaza,36.66353443860142,117.01980831264027,Hotel
制锦市街道办事处,36.668620000000004,117.01278300000001,Malèna (玛莲娜),36.662238325152515,117.01766098170447,Restaurant
制锦市街道办事处,36.668620000000004,117.01278300000001,Quancheng Square (泉城广场),36.661242592901786,117.01680321478662,Plaza
制锦市街道办事处,36.668620000000004,117.01278300000001,Walmart (沃尔玛购物广场),36.66425367052427,117.01188325881958,Shopping Mall
制锦市街道办事处,36.668620000000004,117.01278300000001,Cinema Palace (百丽宫影城),36.6630425899915,117.01858373927278,Movie Theater
制锦市街道办事处,36.668620000000004,117.01278300000001,曲水亭街,36.67114328755546,117.01878047123832,Food Truck
制锦市街道办事处,36.668620000000004,117.01278300000001,Häagen-Dazs (哈根达斯),36.66390751202179,117.01766539285296,Ice Cream Shop
制锦市街道办事处,36.668620000000004,117.01278300000001,Grand Metro Park Qihui Hotel,36.66772639336209,117.02252226317283,Hotel
纬北路街道办事处,36.675711,117.003651,甜沫李,36.672582,117.001552,Breakfast Spot
纬北路街道办事处,36.675711,117.003651,神龟馅饼 大明湖西南门店,36.67190761615571,117.0072098082962,Chinese Restaurant
纬北路街道办事处,36.675711,117.003651,Yongxiang Business Hotel Jinan,36.677641,116.996937,Hotel
纬北路街道办事处,36.675711,117.003651,大明湖西南门,36.672247865053066,117.01056668813438,Park
纬北路街道办事处,36.675711,117.003651,趵突泉,36.670855685373546,117.01052070384084,Nature Preserve
纬北路街道办事处,36.675711,117.003651,海阔天空浴都,36.677474,116.994014,Spa
纬北路街道办事处,36.675711,117.003651,殴亚电子商场,36.682828243933514,117.00990566294857,Electronics Store
北园街道办事处,36.695754,117.03815800000001,红星美凯龙,36.68958305390137,117.04258655534352,Furniture / Home Store
北园街道办事处,36.695754,117.03815800000001,都市丽人婚纱摄影,36.694622,117.02849,Photography Studio
北园街道办事处,36.695754,117.03815800000001,姜仔鸭,36.688011169433594,117.04035186767578,Hotel
泺口街道办事处,36.711827,116.98366200000001,巴国老灶,36.70839705,116.99170509999999,Chinese Restaurant
泺口街道办事处,36.711827,116.98366200000001,稻香园酒店,36.71027327503696,116.97362657272038,Chinese Restaurant
泺口街道办事处,36.711827,116.98366200000001,济南BER鉑尔国际酒店,36.704256,116.987611,Hotel
药山街道办事处,36.717102000000004,116.96513200000001,自然居,36.719058,116.963534,Chinese Restaurant
洪家楼街道办事处,36.684803,117.05774699999999,Lydia (莉迪亚意式餐厅),36.679345698449595,117.04990830727017,Italian Restaurant
洪家楼街道办事处,36.684803,117.05774699999999,McDonald's (麦当劳),36.683528960617245,117.05758810043334,Fast Food Restaurant
洪家楼街道办事处,36.684803,117.05774699999999,INZONE Mall (银座商城),36.685280627603106,117.05560921111915,Shopping Mall
洪家楼街道办事处,36.684803,117.05774699999999,RT-mart (大润发),36.68457796663086,117.05826421600608,Grocery Store
洪家楼街道办事处,36.684803,117.05774699999999,Lydias,36.67950921674132,117.04977038024848,Italian Restaurant
山大路街道办事处,36.674248,117.05625,Lydia (莉迪亚意式餐厅),36.679345698449595,117.04990830727017,Italian Restaurant
山大路街道办事处,36.674248,117.05625,山东大学 学人大厦,36.67457815107156,117.05706314655264,Hotel
山大路街道办事处,36.674248,117.05625,KFC (肯德基),36.675263431083586,117.05092551624206,Fast Food Restaurant
山大路街道办事处,36.674248,117.05625,百花公园,36.675754081128815,117.06429127603768,Park
山大路街道办事处,36.674248,117.05625,Lydias,36.67950921674132,117.04977038024848,Italian Restaurant
东风街道办事处,36.688209,117.081267,松果西餐厅,36.687947,117.082543,Restaurant
东风街道办事处,36.688209,117.081267,果唯伊,36.688914,117.084655,Fruit & Vegetable Store
东风街道办事处,36.688209,117.081267,银座商城华信店,36.68790662937574,117.07711262859854,Shopping Mall
东风街道办事处,36.688209,117.081267,湘山瓦寨瓦寨鱼头王,36.692526,117.077979,Asian Restaurant
东风街道办事处,36.688209,117.081267,UR,36.683137033888016,117.08384132799655,Women's Store
东风街道办事处,36.688209,117.081267,vanguard,36.68307,117.083679,Fruit & Vegetable Store
东风街道办事处,36.688209,117.081267,H&M Shimao Mall,36.68309091691976,117.08387005809867,Clothing Store
东风街道办事处,36.688209,117.081267,鞑子烤羊腿,36.694637,117.086218,BBQ Joint
东风街道办事处,36.688209,117.081267,泉城人家,36.68113864012414,117.08614546955633,Chinese Restaurant
全福街道办事处,36.699141,117.05719599999999,Haung Tai Park,36.70320685098692,117.05964917267372,Park
全福街道办事处,36.699141,117.05719599999999,七里堡综合批发市场 | Qilipu integrated wholesale market,36.691516634315754,117.06222942010108,Market
全福街道办事处,36.699141,117.05719599999999,永和豆浆,36.69142305850983,117.0623517036438,Chinese Restaurant
华山街道办事处,36.719632,117.049842,华山公园,36.71822302926681,117.04381069655786,Park
王舍人街道办事处,36.720703,117.1471,华联超市王舍人店,36.719669342041016,117.14945220947266,Flea Market
王舍人街道办事处,36.720703,117.1471,Little Supermarket,36.720163,117.136565,Gourmet Shop
唐冶街道办事处,36.685373,117.230493,历城体育中心,36.688218,117.221352,Trail
港沟街道办事处,36.675294,117.205678,First T-series in Jinan,36.67154729052132,117.21377532278424,Intersection
遥墙街道办事处,36.820941999999995,117.19293200000001,金凯伦咖啡厅,36.822065367661,117.18893045559,Café
临港街道办事处,36.823015999999996,117.20843700000002,Hanting Youjia Hotel,36.82283,117.21166,Hotel
仲宫街道办事处,36.498771999999995,117.02728300000001,Roma Hotel Jinan,36.500829085847954,117.01887818401065,Hotel
柳埠街道办事处,36.680017,117.06523700000001,百花公园,36.675754081128815,117.06429127603768,Park
柳埠街道办事处,36.680017,117.06523700000001,Nishi Haitai Hotel,36.67418206619951,117.06795871940281,Hotel Pool
柳埠街道办事处,36.680017,117.06523700000001,McDonald's (麦当劳),36.683528960617245,117.05758810043334,Fast Food Restaurant
柳埠街道办事处,36.680017,117.06523700000001,RT-mart (大润发),36.68457796663086,117.05826421600608,Grocery Store
柳埠街道办事处,36.680017,117.06523700000001,山东大学 学人大厦,36.67457815107156,117.05706314655264,Hotel
万德街道办事处,36.337851,116.92309099999999,聚顺缘,36.338012,116.915775,Chinese Restaurant
明水街道办事处,36.714488,117.54831399999999,九牧宾馆,36.71403002631308,117.53727921142246,Motel
济北街道办事处,36.726341999999995,117.04251599999999,卧牛山寨,36.730764,117.041715,Mountain
济北街道办事处,36.726341999999995,117.04251599999999,济南收费站,36.730947976133,117.04769605777,Toll Booth
济北街道办事处,36.726341999999995,117.04251599999999,华山公园,36.71822302926681,117.04381069655786,Park
回河街道办事处,36.726341999999995,117.04251599999999,卧牛山寨,36.730764,117.041715,Mountain
回河街道办事处,36.726341999999995,117.04251599999999,济南收费站,36.730947976133,117.04769605777,Toll Booth
回河街道办事处,36.726341999999995,117.04251599999999,华山公园,36.71822302926681,117.04381069655786,Park
孙耿街道办事处,36.726341999999995,117.04251599999999,卧牛山寨,36.730764,117.041715,Mountain
孙耿街道办事处,36.726341999999995,117.04251599999999,济南收费站,36.730947976133,117.04769605777,Toll Booth
孙耿街道办事处,36.726341999999995,117.04251599999999,华山公园,36.71822302926681,117.04381069655786,Park
太平街道办事处,36.726341999999995,117.04251599999999,卧牛山寨,36.730764,117.041715,Mountain
太平街道办事处,36.726341999999995,117.04251599999999,济南收费站,36.730947976133,117.04769605777,Toll Booth
太平街道办事处,36.726341999999995,117.04251599999999,华山公园,36.71822302926681,117.04381069655786,Park
曲堤镇,36.726341999999995,117.04251599999999,卧牛山寨,36.730764,117.041715,Mountain
曲堤镇,36.726341999999995,117.04251599999999,济南收费站,36.730947976133,117.04769605777,Toll Booth
曲堤镇,36.726341999999995,117.04251599999999,华山公园,36.71822302926681,117.04381069655786,Park
仁风镇,36.726341999999995,117.04251599999999,卧牛山寨,36.730764,117.041715,Mountain
仁风镇,36.726341999999995,117.04251599999999,济南收费站,36.730947976133,117.04769605777,Toll Booth
仁风镇,36.726341999999995,117.04251599999999,华山公园,36.71822302926681,117.04381069655786,Park
垛石镇,36.726341999999995,117.04251599999999,卧牛山寨,36.730764,117.041715,Mountain
垛石镇,36.726341999999995,117.04251599999999,济南收费站,36.730947976133,117.04769605777,Toll Booth
垛石镇,36.726341999999995,117.04251599999999,华山公园,36.71822302926681,117.04381069655786,Park
新市镇,36.726341999999995,117.04251599999999,卧牛山寨,36.730764,117.041715,Mountain
新市镇,36.726341999999995,117.04251599999999,济南收费站,36.730947976133,117.04769605777,Toll Booth
新市镇,36.726341999999995,117.04251599999999,华山公园,36.71822302926681,117.04381069655786,Park
许商街道办事处,37.318668,117.15513600000001,叶家擀面皮,37.310428619384766,117.1550064086914,Breakfast Spot
韩庙镇,37.30905,117.157207,叶家擀面皮,37.310428619384766,117.1550064086914,Breakfast Spot
凤城街道办事处,36.651216,117.11999899999999,Sheraton Jinan Hotel (喜来登酒店),36.653413754141006,117.11830121957405,Hotel
凤城街道办事处,36.651216,117.11999899999999,Sheraton Jinan Hotel Club Level,36.65308558107312,117.11921245201371,Hotel Bar
凤城街道办事处,36.651216,117.11999899999999,Jinan Olympic Stadium,36.656146572418876,117.11747005808111,Soccer Field
凤城街道办事处,36.651216,117.11999899999999,奥体中心东荷体育馆,36.65711711142464,117.11780901794398,Basketball Stadium
张家洼街道办事处,36.651216,117.11999899999999,Sheraton Jinan Hotel (喜来登酒店),36.653413754141006,117.11830121957405,Hotel
张家洼街道办事处,36.651216,117.11999899999999,Sheraton Jinan Hotel Club Level,36.65308558107312,117.11921245201371,Hotel Bar
张家洼街道办事处,36.651216,117.11999899999999,Jinan Olympic Stadium,36.656146572418876,117.11747005808111,Soccer Field
张家洼街道办事处,36.651216,117.11999899999999,奥体中心东荷体育馆,36.65711711142464,117.11780901794398,Basketball Stadium
高庄街道办事处,36.651216,117.11999899999999,Sheraton Jinan Hotel (喜来登酒店),36.653413754141006,117.11830121957405,Hotel
高庄街道办事处,36.651216,117.11999899999999,Sheraton Jinan Hotel Club Level,36.65308558107312,117.11921245201371,Hotel Bar
高庄街道办事处,36.651216,117.11999899999999,Jinan Olympic Stadium,36.656146572418876,117.11747005808111,Soccer Field
高庄街道办事处,36.651216,117.11999899999999,奥体中心东荷体育馆,36.65711711142464,117.11780901794398,Basketball Stadium
鹏泉街道办事处,36.651216,117.11999899999999,Sheraton Jinan Hotel (喜来登酒店),36.653413754141006,117.11830121957405,Hotel
鹏泉街道办事处,36.651216,117.11999899999999,Sheraton Jinan Hotel Club Level,36.65308558107312,117.11921245201371,Hotel Bar
鹏泉街道办事处,36.651216,117.11999899999999,Jinan Olympic Stadium,36.656146572418876,117.11747005808111,Soccer Field
鹏泉街道办事处,36.651216,117.11999899999999,奥体中心东荷体育馆,36.65711711142464,117.11780901794398,Basketball Stadium
口镇,36.651216,117.11999899999999,Sheraton Jinan Hotel (喜来登酒店),36.653413754141006,117.11830121957405,Hotel
口镇,36.651216,117.11999899999999,Sheraton Jinan Hotel Club Level,36.65308558107312,117.11921245201371,Hotel Bar
口镇,36.651216,117.11999899999999,Jinan Olympic Stadium,36.656146572418876,117.11747005808111,Soccer Field
口镇,36.651216,117.11999899999999,奥体中心东荷体育馆,36.65711711142464,117.11780901794398,Basketball Stadium
羊里镇,36.651216,117.11999899999999,Sheraton Jinan Hotel (喜来登酒店),36.653413754141006,117.11830121957405,Hotel
羊里镇,36.651216,117.11999899999999,Sheraton Jinan Hotel Club Level,36.65308558107312,117.11921245201371,Hotel Bar
羊里镇,36.651216,117.11999899999999,Jinan Olympic Stadium,36.656146572418876,117.11747005808111,Soccer Field
羊里镇,36.651216,117.11999899999999,奥体中心东荷体育馆,36.65711711142464,117.11780901794398,Basketball Stadium
方下镇,36.651216,117.11999899999999,Sheraton Jinan Hotel (喜来登酒店),36.653413754141006,117.11830121957405,Hotel
方下镇,36.651216,117.11999899999999,Sheraton Jinan Hotel Club Level,36.65308558107312,117.11921245201371,Hotel Bar
方下镇,36.651216,117.11999899999999,Jinan Olympic Stadium,36.656146572418876,117.11747005808111,Soccer Field
方下镇,36.651216,117.11999899999999,奥体中心东荷体育馆,36.65711711142464,117.11780901794398,Basketball Stadium
牛泉镇,36.651216,117.11999899999999,Sheraton Jinan Hotel (喜来登酒店),36.653413754141006,117.11830121957405,Hotel
牛泉镇,36.651216,117.11999899999999,Sheraton Jinan Hotel Club Level,36.65308558107312,117.11921245201371,Hotel Bar
牛泉镇,36.651216,117.11999899999999,Jinan Olympic Stadium,36.656146572418876,117.11747005808111,Soccer Field
牛泉镇,36.651216,117.11999899999999,奥体中心东荷体育馆,36.65711711142464,117.11780901794398,Basketball Stadium
苗山镇,36.651216,117.11999899999999,Sheraton Jinan Hotel (喜来登酒店),36.653413754141006,117.11830121957405,Hotel
苗山镇,36.651216,117.11999899999999,Sheraton Jinan Hotel Club Level,36.65308558107312,117.11921245201371,Hotel Bar
苗山镇,36.651216,117.11999899999999,Jinan Olympic Stadium,36.656146572418876,117.11747005808111,Soccer Field
苗山镇,36.651216,117.11999899999999,奥体中心东荷体育馆,36.65711711142464,117.11780901794398,Basketball Stadium
雪野镇,36.651216,117.11999899999999,Sheraton Jinan Hotel (喜来登酒店),36.653413754141006,117.11830121957405,Hotel
雪野镇,36.651216,117.11999899999999,Sheraton Jinan Hotel Club Level,36.65308558107312,117.11921245201371,Hotel Bar
雪野镇,36.651216,117.11999899999999,Jinan Olympic Stadium,36.656146572418876,117.11747005808111,Soccer Field
雪野镇,36.651216,117.11999899999999,奥体中心东荷体育馆,36.65711711142464,117.11780901794398,Basketball Stadium
大王庄镇,36.651216,117.11999899999999,Sheraton Jinan Hotel (喜来登酒店),36.653413754141006,117.11830121957405,Hotel
大王庄镇,36.651216,117.11999899999999,Sheraton Jinan Hotel Club Level,36.65308558107312,117.11921245201371,Hotel Bar
大王庄镇,36.651216,117.11999899999999,Jinan Olympic Stadium,36.656146572418876,117.11747005808111,Soccer Field
大王庄镇,36.651216,117.11999899999999,奥体中心东荷体育馆,36.65711711142464,117.11780901794398,Basketball Stadium
寨里镇,36.651216,117.11999899999999,Sheraton Jinan Hotel (喜来登酒店),36.653413754141006,117.11830121957405,Hotel
寨里镇,36.651216,117.11999899999999,Sheraton Jinan Hotel Club Level,36.65308558107312,117.11921245201371,Hotel Bar
寨里镇,36.651216,117.11999899999999,Jinan Olympic Stadium,36.656146572418876,117.11747005808111,Soccer Field
寨里镇,36.651216,117.11999899999999,奥体中心东荷体育馆,36.65711711142464,117.11780901794398,Basketball Stadium
杨庄镇,36.651216,117.11999899999999,Sheraton Jinan Hotel (喜来登酒店),36.653413754141006,117.11830121957405,Hotel
杨庄镇,36.651216,117.11999899999999,Sheraton Jinan Hotel Club Level,36.65308558107312,117.11921245201371,Hotel Bar
杨庄镇,36.651216,117.11999899999999,Jinan Olympic Stadium,36.656146572418876,117.11747005808111,Soccer Field
杨庄镇,36.651216,117.11999899999999,奥体中心东荷体育馆,36.65711711142464,117.11780901794398,Basketball Stadium
茶业口镇,36.651216,117.11999899999999,Sheraton Jinan Hotel (喜来登酒店),36.653413754141006,117.11830121957405,Hotel
茶业口镇,36.651216,117.11999899999999,Sheraton Jinan Hotel Club Level,36.65308558107312,117.11921245201371,Hotel Bar
茶业口镇,36.651216,117.11999899999999,Jinan Olympic Stadium,36.656146572418876,117.11747005808111,Soccer Field
茶业口镇,36.651216,117.11999899999999,奥体中心东荷体育馆,36.65711711142464,117.11780901794398,Basketball Stadium
和庄镇,36.651216,117.11999899999999,Sheraton Jinan Hotel (喜来登酒店),36.653413754141006,117.11830121957405,Hotel
和庄镇,36.651216,117.11999899999999,Sheraton Jinan Hotel Club Level,36.65308558107312,117.11921245201371,Hotel Bar
和庄镇,36.651216,117.11999899999999,Jinan Olympic Stadium,36.656146572418876,117.11747005808111,Soccer Field
和庄镇,36.651216,117.11999899999999,奥体中心东荷体育馆,36.65711711142464,117.11780901794398,Basketball Stadium
艾山街道办事处,36.651216,117.11999899999999,Sheraton Jinan Hotel (喜来登酒店),36.653413754141006,117.11830121957405,Hotel
艾山街道办事处,36.651216,117.11999899999999,Sheraton Jinan Hotel Club Level,36.65308558107312,117.11921245201371,Hotel Bar
艾山街道办事处,36.651216,117.11999899999999,Jinan Olympic Stadium,36.656146572418876,117.11747005808111,Soccer Field
艾山街道办事处,36.651216,117.11999899999999,奥体中心东荷体育馆,36.65711711142464,117.11780901794398,Basketball Stadium
颜庄镇,36.651216,117.11999899999999,Sheraton Jinan Hotel (喜来登酒店),36.653413754141006,117.11830121957405,Hotel
颜庄镇,36.651216,117.11999899999999,Sheraton Jinan Hotel Club Level,36.65308558107312,117.11921245201371,Hotel Bar
颜庄镇,36.651216,117.11999899999999,Jinan Olympic Stadium,36.656146572418876,117.11747005808111,Soccer Field
颜庄镇,36.651216,117.11999899999999,奥体中心东荷体育馆,36.65711711142464,117.11780901794398,Basketball Stadium
黄庄镇,36.651216,117.11999899999999,Sheraton Jinan Hotel (喜来登酒店),36.653413754141006,117.11830121957405,Hotel
黄庄镇,36.651216,117.11999899999999,Sheraton Jinan Hotel Club Level,36.65308558107312,117.11921245201371,Hotel Bar
黄庄镇,36.651216,117.11999899999999,Jinan Olympic Stadium,36.656146572418876,117.11747005808111,Soccer Field
黄庄镇,36.651216,117.11999899999999,奥体中心东荷体育馆,36.65711711142464,117.11780901794398,Basketball Stadium
里辛镇,36.651216,117.11999899999999,Sheraton Jinan Hotel (喜来登酒店),36.653413754141006,117.11830121957405,Hotel
里辛镇,36.651216,117.11999899999999,Sheraton Jinan Hotel Club Level,36.65308558107312,117.11921245201371,Hotel Bar
里辛镇,36.651216,117.11999899999999,Jinan Olympic Stadium,36.656146572418876,117.11747005808111,Soccer Field
里辛镇,36.651216,117.11999899999999,奥体中心东荷体育馆,36.65711711142464,117.11780901794398,Basketball Stadium
辛庄镇,36.651216,117.11999899999999,Sheraton Jinan Hotel (喜来登酒店),36.653413754141006,117.11830121957405,Hotel
辛庄镇,36.651216,117.11999899999999,Sheraton Jinan Hotel Club Level,36.65308558107312,117.11921245201371,Hotel Bar
辛庄镇,36.651216,117.11999899999999,Jinan Olympic Stadium,36.656146572418876,117.11747005808111,Soccer Field
辛庄镇,36.651216,117.11999899999999,奥体中心东荷体育馆,36.65711711142464,117.11780901794398,Basketball Stadium
